<beans xmlns="http://www.springframework.org/schema/beans"
  xmlns:xsi="http://www.w3.org/2001/XMLSchema-instance" 
  xsi:schemaLocation="http://www.springframework.org/schema/beans http://www.springframework.org/schema/beans/spring-beans-3.0.xsd ">
 
 <bean id="add1" class="com.objectcollection.setter.Address1">
<constructor-arg value="Gurgaon"/>
<constructor-arg value="Haryana"/>
</bean>

<bean id="add2" class="com.objectcollection.setter.Address1">
<constructor-arg value="Noida"/>
<constructor-arg value="UP"/>
</bean>

<bean id="ab" class="com.objectcollection.setter.Employee">
<property name="eid" value ="101"/>
<property name="name" value ="Mohit Yadav"/>
<property name="add">
<list>
<ref bean="add1"/>
<ref bean="add2"/>
</list>
</property>
</bean>
 </beans>
