<?xml version="1.0" encoding="UTF-8"?>
<beans
	xmlns="http://www.springframework.org/schema/beans"
	xmlns:xsi="http://www.w3.org/2001/XMLSchema-instance"
	xmlns:p="http://www.springframework.org/schema/p"
	xsi:schemaLocation="http://www.springframework.org/schema/beans http://www.springframework.org/schema/beans/spring-beans-3.0.xsd">

<bean id="addressBean" class="diby.constructor.Address">
<constructor-arg value="Gurgaon"></constructor-arg>
<constructor-arg value="HR"></constructor-arg>
<constructor-arg value="India"></constructor-arg>
</bean>

<bean id="employeeBean" class="diby.constructor.Employee">
<constructor-arg value="178672" type="int"></constructor-arg>
<constructor-arg value="Amit"></constructor-arg>
<constructor-arg>
<ref bean="addressBean"/>
</constructor-arg>
</bean>
</beans>