<?xml version="1.0" encoding="UTF-8"?>
<beans xmlns="http://www.springframework.org/schema/beans"
    xmlns:xsi="http://www.w3.org/2001/XMLSchema-instance"
    xmlns:context="http://www.springframework.org/schema/context"
    xsi:schemaLocation="http://www.springframework.org/schema/beans http://www.springframework.org/schema/beans/spring-beans.xsd
    					 http://www.springframework.org/schema/context http://www.springframework.org/schema/context/spring-context.xsd">
  <!-- <step1> -->
 <bean id="emp" class="com.spring.model.Employee2">
 <constructor-arg value="Ravic" index="0"></constructor-arg>
 <constructor-arg value="3" index="2"></constructor-arg>
 <constructor-arg value="3.5" index="1"></constructor-arg>
 </bean>
 
    <bean id="emp1" class="com.spring.model.Employee2">
 <constructor-arg value="Ravic" type="String"></constructor-arg>
 <constructor-arg value="3" type="int"></constructor-arg>
  </bean>
  
  <bean id="emp2" class="com.spring.model.Employee2">
 <constructor-arg value="Ravic" type="String"></constructor-arg>
 <constructor-arg value="3.6f" type="float"></constructor-arg>
  </bean>
 
 
  </beans>