<?xml version="1.0" encoding="utf-8"?>
<!DOCTYPE hibernate-configuration PUBLIC
"-//Hibernate/Hibernate Configuration DTD 3.0//EN"
"http://hibernate.sourceforge.net/hibernate-configuration-3.0.dtd">
<hibernate-configuration>
    <session-factory>
    <!-- db specific information -->
          	<property name="hibernate.connection.driver_class">
			oracle.jdbc.driver.OracleDriver
		</property>
		<property name="hibernate.connection.url">
			jdbc:oracle:thin:@127.0.0.1:1521:XE
		</property>
		<property name="hibernate.connection.username">system</property>
		<property name="hibernate.connection.password">oracle</property>
			<!-- Hibernate specific information -->
		<property name="show_sql">true</property>
		<!-- org.hibernate.dialect.OracleDialect -->
		<!-- <property name="dialect">org.hibernate.dialect.Oracle9Dialect</property> -->
		<property name="dialect">org.hibernate.dialect.Oracle9Dialect</property>
		<property name="connection.autocommit">true</property>
	<property name="hibernate.hbm2ddl.auto">update</property> 
	<mapping class="com.entity.Employee"></mapping>
	    </session-factory>
</hibernate-configuration>
