<?xml version="1.0" encoding="UTF-8"?>
<beans xmlns="http://www.springframework.org/schema/beans"
 xmlns:xsi="http://www.w3.org/2001/XMLSchema-instance"
 xmlns:aop="http://www.springframework.org/schema/aop"
 xmlns:context="http://www.springframework.org/schema/context"
 xsi:schemaLocation="http://www.springframework.org/schema/beans http://www.springframework.org/schema/beans/spring-beans.xsd
  http://www.springframework.org/schema/aop http://www.springframework.org/schema/aop/spring-aop.xsd
  http://www.springframework.org/schema/context http://www.springframework.org/schema/context/spring-context.xsd">
        
      <context:annotation-config/> 
      <!--  <context:component-scan base-package="com.spring.aop"></context:component-scan> --> 
                  
   <aop:aspectj-autoproxy></aop:aspectj-autoproxy>
    
    <bean id="empservimpl" class="com.spring.aop.EmployeeServiceImpl">  
     </bean> 
    <bean id="empaspect" class="com.spring.aop.EmployeeAspect"></bean>
         
</beans>