<?xml version="1.0" encoding="UTF-8"?>
<beans
	xmlns="http://www.springframework.org/schema/beans"
	xmlns:xsi="http://www.w3.org/2001/XMLSchema-instance"
	xmlns:p="http://www.springframework.org/schema/p"
	xsi:schemaLocation="http://www.springframework.org/schema/beans http://www.springframework.org/schema/beans/spring-beans-3.0.xsd">

<bean id="add" class="diobj.settermethod.Address">
<property name="city" value="Gurgaon"></property>
<property name="state" value="HR"></property>
<property name="country" value="India"></property>
</bean>

<bean id="obj" class="diobj.settermethod.Employee">
<property name="id" value="101"></property>
<property name="name" value="Mayank Sharma"></property>
<property name="address" ref="add"></property>
</bean>
</beans>