<?xml version="1.0" encoding="UTF-8"?>
<beans xmlns="http://www.springframework.org/schema/beans"
 xmlns:xsi="http://www.w3.org/2001/XMLSchema-instance"
 xmlns:aop="http://www.springframework.org/schema/aop"
 xmlns:context="http://www.springframework.org/schema/context"
 xsi:schemaLocation="http://www.springframework.org/schema/beans http://www.springframework.org/schema/beans/spring-beans.xsd
  http://www.springframework.org/schema/aop http://www.springframework.org/schema/aop/spring-aop.xsd
  http://www.springframework.org/schema/context http://www.springframework.org/schema/context/spring-context.xsd">

<bean id="deptBean" class="com.beans.byname.DepartmentBean">
<property name="name" value="HumanResource"></property>
</bean>

<bean id="empBean" class="com.beans.byname.EmployeeBean" autowire="byName">
<property name="fullName" value="Ajay Yadav"></property>
</bean>

         
       
     
         
</beans>