<?xml version="1.0" encoding="UTF-8"?>
<beans xmlns="http://www.springframework.org/schema/beans"
	xmlns:xsi="http://www.w3.org/2001/XMLSchema-instance"
	xmlns:context="http://www.springframework.org/schema/context"
	xmlns:mvc="http://www.springframework.org/schema/mvc"
	xsi:schemaLocation="
		http://www.springframework.org/schema/beans	http://www.springframework.org/schema/beans/spring-beans-3.0.xsd
		http://www.springframework.org/schema/context http://www.springframework.org/schema/context/spring-context-3.0.xsd
		http://www.springframework.org/schema/mvc http://www.springframework.org/schema/mvc/spring-mvc-3.0.xsd">
<!-- <context:annotation-config /> -->
	<context:component-scan base-package="com.infogain.controller" />

	<!-- Application Message Bundle -->
	<!-- Configured to enable i18n for the application 
	basename property is used to provide the location of resource bundles
	pattern as messages_{locale}.properties. 
	-->
	<bean id="messageSource"
		class="org.springframework.context.support.ReloadableResourceBundleMessageSource">
		<!-- <property name="basename" value="classpath:messages" /> -->
		 <property name="basename" value="WEB-INF/config/messages" /> 
			</bean>
	
	 <!-- Configured to intercept the user request and identify the user locale -->
	
	<mvc:interceptors>
        <bean id="localeChangeInterceptor"
		class="org.springframework.web.servlet.i18n.LocaleChangeInterceptor">
		<property name="paramName" value="lang" />
	</bean>
    </mvc:interceptors>

 <!-- Configured store the locale changes in cookies -->
	<bean id="localeResolver" class="org.springframework.web.servlet.i18n.CookieLocaleResolver" />
		<!-- spring mvc configure intercptor -->
		
	
	<bean id="viewResolver" class="org.springframework.web.servlet.view.InternalResourceViewResolver">
		<property name="prefix" value="/WEB-INF/jsp/"/>
		<property name="suffix" value=".jsp"/>
	</bean>
</beans>
