<?xml version="1.0" encoding="UTF-8"?>
<beans xmlns="http://www.springframework.org/schema/beans"
 xmlns:xsi="http://www.w3.org/2001/XMLSchema-instance"
 xmlns:aop="http://www.springframework.org/schema/aop"
 xmlns:context="http://www.springframework.org/schema/context"
 xsi:schemaLocation="http://www.springframework.org/schema/beans http://www.springframework.org/schema/beans/spring-beans.xsd
  http://www.springframework.org/schema/aop http://www.springframework.org/schema/aop/spring-aop.xsd
  http://www.springframework.org/schema/context http://www.springframework.org/schema/context/spring-context.xsd">

<context:annotation-config></context:annotation-config>

<bean id="person" class="com.beans.autodetect.Person">
<property name="name" value="Ravic"></property>
</bean>

<bean id="custBean" class="com.beans.autodetect.Customer">
<property name="action" value="Buy"></property>
<property name="type" value="1"></property>
</bean>

         
       
     
         
</beans>