<?xml version="1.0" encoding="UTF-8"?>
<beans xmlns="http://www.springframework.org/schema/beans"
	xmlns:xsi="http://www.w3.org/2001/XMLSchema-instance" 
	xmlns:mvc="http://www.springframework.org/schema/mvc"
	xmlns:context="http://www.springframework.org/schema/context"
	xsi:schemaLocation="
http://www.springframework.org/schema/beans
http://www.springframework.org/schema/beans/spring-beans-3.0.xsd
http://www.springframework.org/schema/context
http://www.springframework.org/schema/context/spring-context-3.0.xsd
http://www.springframework.org/schema/mvc
http://www.springframework.org/schema/mvc/spring-mvc-3.0.xsd ">

    <!-- Base package for checking the annoted classes -->
      <context:component-scan base-package="com.infogain"></context:component-scan>

      <!-- Configure JDBC Connection-->
      <bean id="dataSource"
		class="org.springframework.jdbc.datasource.DriverManagerDataSource">
		<property name="driverClassName" value="oracle.jdbc.driver.OracleDriver" />
		<property name="url" value="dbc:oracle:thin:@127.0.0.1:1521:XE" />
		<property name="username" value="SYSTEM" />
		<property name="password" value="SYSTEM" /> 
				
	</bean>

			<bean id="sessionFactory"
		class="org.springframework.orm.hibernate3.annotation.AnnotationSessionFactoryBean">
			<property name="dataSource">
			  <ref bean="dataSource" />
			</property>

			<property name="hibernateProperties">
			  <props>
			<prop key="hibernate.dialect">org.hibernate.dialect.Oracle10gDialect</prop>
			<prop key="hibernate.show_sql">true</prop>
			<prop key="hibernate.hbm2ddl.auto">update</prop>
			  </props>
			</property>
			
			<property name="annotatedClasses">
			<list>
				  <value>com.infogain.model.Product</value> <!-- Entity classes-->
			</list>
			</property>

      </bean>
</beans>