<?xml version="1.0" encoding="UTF-8"?>
<beans xmlns="http://www.springframework.org/schema/beans"
    xmlns:xsi="http://www.w3.org/2001/XMLSchema-instance"
    xmlns:context="http://www.springframework.org/schema/context"
    xsi:schemaLocation="http://www.springframework.org/schema/beans http://www.springframework.org/schema/beans/spring-beans.xsd
    					 http://www.springframework.org/schema/context http://www.springframework.org/schema/context/spring-context.xsd">
   
<!-- <step1> -->
 <bean id="helloBean" class="com.spring.model.HelloWrold"></bean>
  
 <!-- <step2> Setter Based DI -->
 <bean id="empBean" class="com.spring.model.Employee">
 <property name="id" value="101"></property>
 <property name="name" value="Ashish"></property>
 <property name="sal" value="56790.9f"></property>
 </bean>
 <!-- <step3> Constructor Based DI -->
 
 <bean id="empBean1" class="com.spring.model.Employee1">
 <constructor-arg value="301"></constructor-arg>
 <constructor-arg value="Amay"></constructor-arg>
 <constructor-arg value="34566.90f"></constructor-arg>
 </bean>
 
 
 
  </beans>